Year,Company_Name,Sector,Revenue_SAR,Net_Income_SAR,Operating_Income_SAR,Total_Assets_SAR,Total_Liabilities_SAR,Revenue_Growth_%,Operating_Margin_%,Net_Profit_Margin_%,Liabilities_to_Assets_Ratio,Asset_Turnover_Ratio
2019,Emaar Economic City,Real Estate Development,946807.0,-533391.0,-337604.0,17333958.0,10231703.0,,-35.65710857651032,-56.33576853572059,59.02692852953722,0.05462151229396079
2020,Emaar Economic City,Real Estate Development,547287.0,-1248364.0,-1043639.0,16316662.0,10473389.0,-42.19656170687374,-190.69318291865144,-228.10042993895343,64.18830640727865,0.0335416030558211
2021,Emaar Economic City,Real Estate Development,372079.0,-836529.0,-690373.0,16376950.0,8600143.0,-32.013915916146374,-185.5447364672556,-224.82564186637782,52.51370371161907,0.022719676130170757
2022,Emaar Economic City,Real Estate Development,363267.0,-1157290.0,-794527.0,15190831.0,8536054.0,-2.3683142558435177,-218.71708688099937,-318.5783459549037,56.19214643359537,0.023913569968621203
2023,Emaar Economic City,Real Estate Development,1031357.0,-253220.0,242738.0,15149663.0,8743415.0,183.91155816520632,23.53578828669413,-24.552119198298943,57.713594025160816,0.06807788397669308
2024,Emaar Economic City,Real Estate Development,425970.0,-1134565.0,-477484.0,15090660.0,9823749.0,-58.69810356646632,-112.09333990656619,-266.3485691480621,65.09820644027498,0.028227393632882857
