Year,Company_Name,Sector,Revenue_SAR,Net_Income_SAR,Operating_Income_SAR,Total_Assets_SAR,Total_Liabilities_SAR,Revenue_Growth_%,Operating_Margin_%,Net_Profit_Margin_%,Liabilities_to_Assets_Ratio,Asset_Turnover_Ratio
2019,Aldrees Petroleum,Energy,5681129.0,291744.0,398815.0,3585220.0,2710453.0,,7.01999549737385,5.135317293446426,75.6007441663273,1.5845970400700655
2020,Aldrees Petroleum,Energy,4974081.0,121083.0,205926.0,4462753.0,3570271.0,-12.445554395966008,4.13998083264024,2.4342788145187018,80.00153716775273,1.114576809426827
2021,Aldrees Petroleum,Energy,9109615.0,176805.0,285131.0,5435393.0,4440243.0,83.14166978784623,3.1300005543593223,1.9408613865679283,81.6912962871314,1.675980927230101
2022,Aldrees Petroleum,Energy,12356079.0,241828.0,370682.0,6315582.0,5206238.0,35.637773934463745,2.9999970055225447,1.9571580919804736,82.43480965016367,1.956443444167141
2023,Aldrees Petroleum,Energy,14834059.0,280815.0,421156.0,7506130.0,6270210.0,20.054743903790182,2.8391150392485294,1.8930422212827924,83.53452444868394,1.9762592707560354
2024,Aldrees Petroleum,Energy,19288553.0,338047.0,513334.0,8443323.0,6963836.0,30.028827578480044,2.66134012229948,1.7525783297482191,82.47743216740614,2.2844741341767927
