Year,Company_Name,Sector,Revenue_SAR,Net_Income_SAR,Operating_Income_SAR,Total_Assets_SAR,Total_Liabilities_SAR,Revenue_Growth_%,Operating_Margin_%,Net_Profit_Margin_%,Liabilities_to_Assets_Ratio,Asset_Turnover_Ratio
2019,Petro Rabigh,Petrochemicals,34061975.0,544151.0,439329.0,74029648.0,63988241.0,,1.289793090388916,1.5975321454495812,86.43596549317645,0.4601126159616482
2020,Petro Rabigh,Petrochemicals,21870198.0,3781128.0,2435658.0,70694009.0,64490526.0,-35.792924514799864,11.136881339620244,17.288951842136957,91.22488158791504,0.30936423481090175
2021,Petro Rabigh,Petrochemicals,45638066.0,2036661.0,3192471.0,73362023.0,65056112.0,108.67696762507593,6.995193442246215,4.46263651926004,88.67818707780182,0.6220938863695185
2022,Petro Rabigh,Petrochemicals,55952481.0,1114881.0,12228.0,65578732.0,50323871.0,22.600464708561496,0.02185425879506576,1.9925497137472776,76.73809704036364,0.8532107787628465
2023,Petro Rabigh,Petrochemicals,44603993.0,4692733.0,2602953.0,63202879.0,52652198.0,-20.282367818506565,5.835695023985857,10.52088094444818,83.30664493938639,0.7057272343558907
2024,Petro Rabigh,Petrochemicals,39349068.0,4544527.0,2571190.0,60236567.0,50433267.0,-11.781288280625457,6.534309783398173,11.549262107046601,83.72533414794373,0.6532422075115935
