Company_Name,Revenue_Growth_%,Operating_Margin_%,Net_Profit_Margin_%,Liabilities_to_Assets_Ratio,Asset_Turnover_Ratio,Revenue_Growth_Volatility,Revenue_CAGR
Dar Alarkan,9.832209008086842,27.903331885074863,11.713790896241386,39.144358872347446,0.09411532939862849,44.85664842909934,1.4854328458979937
Emaar Economic City,9.726932543975273,-119.86161107721479,-186.4568124403861,59.12214759124436,0.038516939843024914,99.50742692138735,-14.763911674335317
Jabel Omar,53.765229833382634,46.8172250000765,191.81272884378438,60.9452909069451,0.03363091289031567,90.6728684129373,16.521067414860124
