Year,Company_Name,Sector,Revenue_SAR,Net_Income_SAR,Operating_Income_SAR,Total_Assets_SAR,Total_Liabilities_SAR,Revenue_Growth_%,Operating_Margin_%,Net_Profit_Margin_%,Liabilities_to_Assets_Ratio,Asset_Turnover_Ratio
2019,ACWA Power,Energy,4114999.0,880083.0,918471.0,37747537.0,27142160.0,,22.320078328087078,21.387198393000826,71.90445299782075,0.10901370862951933
2020,ACWA Power,Energy,4829111.0,902387.0,1767939.0,36260987.0,28860832.0,17.35388028040834,36.61003029336041,18.686400043403435,79.59196477470401,0.13317649075575355
2021,ACWA Power,Energy,5360940.0,743908.0,1836995.0,45708698.0,31388553.0,11.012979407596957,34.266285390248726,13.876447041004003,68.67085341175108,0.11728489837973508
2022,ACWA Power,Energy,5275930.0,1476410.0,2363251.0,48845920.0,28817526.0,-1.5857293683570473,44.79306965786127,27.98388151472821,58.99679236259651,0.10801168244962936
2023,ACWA Power,Energy,6095010.0,1771329.0,2983572.0,55018314.0,34309423.0,15.524845856559889,48.95105996544714,29.06195395905831,62.36000434328104,0.11078147541925766
2024,ACWA Power,Energy,6297298.0,1987836.0,3011901.0,56882706.0,32576949.0,3.3189116998987744,47.828465478368656,31.566490898159817,57.270392516136624,0.11070672341080258
