Year,Company_Name,Sector,Revenue_SAR,Net_Income_SAR,Operating_Income_SAR,Total_Assets_SAR,Total_Liabilities_SAR,Revenue_Growth_%,Operating_Margin_%,Net_Profit_Margin_%,Liabilities_to_Assets_Ratio,Asset_Turnover_Ratio
2019,Aramco,Energy,1096444000.0,330693000.0,674871000.0,1494126000.0,447891000.0,,61.550886319775564,30.16050067308499,29.976789106139645,0.7338363698911604
2020,Aramco,Energy,771246000.0,183763000.0,383360000.0,1914261000.0,813167000.0,-29.659335086880866,49.706578705108356,23.826768631539093,42.47942156268137,0.40289490304613634
2021,Aramco,Energy,1346930000.0,412369000.0,771918000.0,2162690000.0,882022000.0,74.64336930110495,57.309437016029044,30.615473706874152,40.783561213118844,0.6228030831973145
2022,Aramco,Energy,2006955000.0,60400500.0,1144077000.0,2492924000.0,826777000.0,49.002175317202834,57.00561298085907,3.009559257681413,33.164950074691404,0.805060643645775
2023,Aramco,Energy,1856373000.0,454764000.0,868287000.0,2477940000.0,740848000.0,-7.503008288676128,46.773304718394414,24.49744744186648,29.89773763690808,0.7491597859512337
2024,Aramco,Energy,1801674000.0,398422000.0,774625000.0,2423630000.0,772275000.0,-2.946552228458399,42.99473711670368,22.113989545278447,31.864393492406016,0.7433783209483296
