Year,Company_Name,Sector,Revenue_SAR,Net_Income_SAR,Operating_Income_SAR,Total_Assets_SAR,Total_Liabilities_SAR,Revenue_Growth_%,Operating_Margin_%,Net_Profit_Margin_%,Liabilities_to_Assets_Ratio,Asset_Turnover_Ratio
2019,Zain KSA,Telecommunications,8386000.0,485000.0,1511000.0,27738000.0,23635000.0,,18.018125447173862,5.783448604817553,85.20801788160645,0.3023289350349701
2020,Zain KSA,Telecommunications,7917000.0,260000.0,1002000.0,28158000.0,19429000.0,-5.592654424040067,12.656309208033345,3.284072249589491,68.99992897222815,0.28116343490304707
2021,Zain KSA,Telecommunications,7901000.0,214000.0,699000.0,27877000.0,18837000.0,-0.20209675382089065,8.846981394760158,2.7085179091254274,67.5718334110557,0.2834236108620009
2022,Zain KSA,Telecommunications,9075000.0,550000.0,1066000.0,28461000.0,18659000.0,14.858878622959114,11.7465564738292,6.0606060606060606,65.55988897087242,0.31885738378834194
2023,Zain KSA,Telecommunications,9883000.0,1267000.0,871000.0,27378000.0,16787000.0,8.903581267217643,8.813113427097036,12.819993928968938,61.315654905398496,0.3609832712396815
2024,Zain KSA,Telecommunications,10365000.0,696000.0,1199000.0,28135000.0,17429000.0,4.877061620965284,11.567776169802219,6.714905933429812,61.94775191043185,0.36840234583259285
