Year,Company_Name,Sector,Revenue_SAR,Net_Income_SAR,Operating_Income_SAR,Total_Assets_SAR,Total_Liabilities_SAR,Revenue_Growth_%,Operating_Margin_%,Net_Profit_Margin_%,Liabilities_to_Assets_Ratio,Asset_Turnover_Ratio
2019,Jabel Omar,Real Estate Development,885220.0,635104.0,6858.0,26287576.0,17972572.0,,0.7747226678113915,71.74532884480695,68.3690729034887,0.03367446279565678
2020,Jabel Omar,Real Estate Development,176682.0,1339006.0,790781.0,25736881.0,18748140.0,-80.04089378911456,447.57304083041845,757.862147813586,72.845423654871,0.006864934410661494
2021,Jabel Omar,Real Estate Development,310360.0,946210.0,-432350.0,26822580.0,18194350.0,75.6602257162586,-139.30596726382265,304.8749838896765,67.83221449987286,0.011570848143616311
2022,Jabel Omar,Real Estate Development,849500.0,-176780.0,-352430.0,26512470.0,13825760.0,173.71439618507537,-41.48675691583284,-20.809888169511478,52.14814010162011,0.0320415261195958
2023,Jabel Omar,Real Estate Development,1326720.0,226460.0,37480.0,27282700.0,14559880.0,56.176574455562104,2.825012059816691,17.06916304872166,53.36671223889131,0.04862861813530186
2024,Jabel Omar,Real Estate Development,1901400.0,382840.0,200090.0,27554490.0,14083150.0,43.3158465991317,10.52329862206795,20.13463763542653,51.110182042926574,0.06900508773706208
