Year,Company_Name,Sector,Revenue_SAR,Net_Income_SAR,Operating_Income_SAR,Total_Assets_SAR,Total_Liabilities_SAR,Revenue_Growth_%,Operating_Margin_%,Net_Profit_Margin_%,Liabilities_to_Assets_Ratio,Asset_Turnover_Ratio
2019,Sipchem,Petrochemicals,5439730.0,1635000.0,906267.0,23991272.0,9653272.0,,16.66014673522399,30.056638840530685,40.23659937663997,0.22673787367339257
2020,Sipchem,Petrochemicals,5323000.0,1172000.0,360000.0,23765000.0,9929000.0,-2.145878563825776,6.763103513056547,22.017659214728535,41.77992846623185,0.22398485167262783
2021,Sipchem,Petrochemicals,9982000.0,5580000.0,4464000.0,24504000.0,8809000.0,87.52583129814016,44.72049689440994,55.90062111801242,35.94923277832191,0.4073620633365981
2022,Sipchem,Petrochemicals,10254000.0,3953000.0,4047000.0,23475000.0,6738000.0,2.7249048286916544,39.467524868344064,38.55080944021845,28.702875399361023,0.4368051118210863
2023,Sipchem,Petrochemicals,7617941.0,1356344.0,1418968.0,22023899.0,5601573.0,-25.707616539886867,18.626660406007346,17.804601007017514,25.434065966248752,0.3458942941937756
2024,Sipchem,Petrochemicals,7061000.0,466000.0,683000.0,21082000.0,5112000.0,-7.310912489345878,9.672850870981447,6.599631780201104,24.248173797552415,0.33493027227018307
