Year,Company_Name,Sector,Revenue_SAR,Net_Income_SAR,Operating_Income_SAR,Total_Assets_SAR,Total_Liabilities_SAR,Revenue_Growth_%,Operating_Margin_%,Net_Profit_Margin_%,Liabilities_to_Assets_Ratio,Asset_Turnover_Ratio
2019,Mobily,Telecommunications,13449974.0,31183.0,967013.0,39262461.0,25511111.0,,7.189701630649992,0.23184431434588645,64.97583276809877,0.34256573982970656
2020,Mobily,Telecommunications,14046168.0,783254.0,1366517.0,38415896.0,23970669.0,4.432677713726441,9.728753066316735,5.576282442300277,62.39778710354693,0.3656342676479549
2021,Mobily,Telecommunications,14834056.0,1071541.0,1667784.0,39363908.0,24167662.0,5.609273646734114,11.24293989452379,7.223519986711659,61.395484411761146,0.3768440877364107
2022,Mobily,Telecommunications,15717415.0,1656940.0,2328016.0,38178280.0,21819745.0,5.954939094203238,14.811697725103015,10.542064328008136,57.152247298725875,0.4116847327852381
2023,Mobily,Telecommunications,16762681.0,2231977.0,2977256.0,38817134.0,21194527.0,6.650368397093298,17.761216120500055,13.315155254699413,54.60095791719193,0.4318371624242016
2024,Mobily,Telecommunications,18206447.0,3106848.0,3530417.0,38515028.0,19639536.0,8.612977840477898,19.39102670608933,17.06454861840973,50.991877767815716,0.4727102106741296
