Year,Company_Name,Sector,Revenue_SAR,Net_Income_SAR,Operating_Income_SAR,Total_Assets_SAR,Total_Liabilities_SAR,Revenue_Growth_%,Operating_Margin_%,Net_Profit_Margin_%,Liabilities_to_Assets_Ratio,Asset_Turnover_Ratio
2019,SABIC,Petrochemicals,139737384.0,8462836.0,14833007.0,310365751.0,99114429.0,,10.614916764149527,6.0562433314194575,31.934718531491573,0.4502345492367165
2020,SABIC,Petrochemicals,116949287.0,1256229.0,4573937.0,295468550.0,101231425.0,-16.30780278525895,3.911043083144235,1.0741655911078791,34.261319859592504,0.39580959462521476
2021,SABIC,Petrochemicals,174883126.0,30501771.0,33242175.0,319355328.0,1075222030.0,49.53757349542456,19.008223240474326,17.441231579998178,336.68517031912495,0.5476129898794111
2022,SABIC,Petrochemicals,183080000.0,16530000.0,22910000.0,313105817.0,95488558.0,4.687058258553778,12.513655232685164,9.028839851431067,30.497216217480876,0.5847224486410612
2023,SABIC,Petrochemicals,141540000.0,-2770000.0,3720000.0,294380000.0,99100000.0,-22.689534629670092,2.628232301822806,-1.9570439451745092,33.66397173721041,0.48080712004891635
2024,SABIC,Petrochemicals,139980000.0,1540000.0,5740000.0,278020000.0,94100000.0,-1.102161933022472,4.100585797971139,1.10015716530933,33.84648586432631,0.5034889576289475
